chr	start	end	extra	cycleNum
1	0	5000000	cn={'2': {'A': 1, 'B': 1}}	0
1	5000000	10000000	cn={'2': {'A': 1, 'B': 1}}	0
1	10000000	15000000	cn={'2': {'A': 1, 'B': 1}}	0
1	15000000	20000000	cn={'2': {'A': 1, 'B': 1}}	0
1	20000000	25000000	cn={'2': {'A': 1, 'B': 1}}	0
1	25000000	30000000	cn={'2': {'A': 1, 'B': 1}}	0
1	30000000	35000000	cn={'2': {'A': 1, 'B': 1}}	0
1	35000000	40000000	cn={'2': {'A': 1, 'B': 1}}	0
1	40000000	45000000	cn={'2': {'A': 1, 'B': 1}}	0
1	45000000	50000000	cn={'2': {'A': 1, 'B': 1}}	0
1	50000000	55000000	cn={'2': {'A': 1, 'B': 1}}	0
1	55000000	60000000	cn={'2': {'A': 1, 'B': 1}}	0
1	60000000	65000000	cn={'2': {'A': 1, 'B': 1}}	0
1	65000000	70000000	cn={'2': {'A': 1, 'B': 1}}	0
1	70000000	75000000	cn={'2': {'A': 1, 'B': 1}}	0
1	75000000	80000000	cn={'2': {'A': 1, 'B': 1}}	0
1	80000000	85000000	cn={'2': {'A': 1, 'B': 1}}	0
1	85000000	90000000	cn={'2': {'A': 1, 'B': 1}}	0
1	90000000	95000000	cn={'2': {'A': 1, 'B': 1}}	0
1	95000000	100000000	cn={'2': {'A': 1, 'B': 1}}	0
1	100000000	105000000	cn={'2': {'A': 1, 'B': 1}}	0
1	105000000	110000000	cn={'2': {'A': 1, 'B': 1}}	0
1	110000000	115000000	cn={'2': {'A': 1, 'B': 1}}	0
1	115000000	120000000	cn={'2': {'A': 1, 'B': 1}}	0
1	120000000	125000000	cn={'2': {'A': 1, 'B': 1}}	0
1	125000000	130000000	cn={'2': {'A': 1, 'B': 1}}	0
1	130000000	135000000	cn={'2': {'A': 1, 'B': 1}}	0
1	135000000	140000000	cn={'2': {'A': 1, 'B': 1}}	0
1	140000000	145000000	cn={'2': {'A': 1, 'B': 1}}	0
1	145000000	150000000	cn={'2': {'A': 1, 'B': 1}}	0
1	150000000	155000000	cn={'2': {'A': 1, 'B': 1}}	0
1	155000000	160000000	cn={'2': {'A': 1, 'B': 1}}	0
1	160000000	165000000	cn={'2': {'A': 1, 'B': 1}}	0
1	165000000	170000000	cn={'2': {'A': 1, 'B': 1}}	0
1	170000000	175000000	cn={'2': {'A': 1, 'B': 1}}	0
1	175000000	180000000	cn={'2': {'A': 1, 'B': 1}}	0
1	180000000	185000000	cn={'2': {'A': 1, 'B': 1}}	0
1	185000000	190000000	cn={'2': {'A': 1, 'B': 1}}	0
1	190000000	195000000	cn={'2': {'A': 1, 'B': 1}}	0
1	195000000	200000000	cn={'2': {'A': 1, 'B': 1}}	0
1	200000000	205000000	cn={'2': {'A': 1, 'B': 1}}	0
1	205000000	210000000	cn={'2': {'A': 1, 'B': 1}}	0
1	210000000	215000000	cn={'2': {'A': 1, 'B': 1}}	0
1	215000000	220000000	cn={'2': {'A': 1, 'B': 1}}	0
1	220000000	225000000	cn={'2': {'A': 1, 'B': 1}}	0
1	225000000	230000000	cn={'2': {'A': 1, 'B': 1}}	0
1	230000000	235000000	cn={'2': {'A': 1, 'B': 1}}	0
1	235000000	240000000	cn={'2': {'A': 1, 'B': 1}}	0
1	240000000	245000000	cn={'2': {'A': 1, 'B': 1}}	0
2	0	5000000	cn={'2': {'A': 1, 'B': 1}}	0
2	5000000	10000000	cn={'2': {'A': 1, 'B': 1}}	0
2	10000000	15000000	cn={'2': {'A': 1, 'B': 1}}	0
2	15000000	20000000	cn={'2': {'A': 1, 'B': 1}}	0
2	20000000	25000000	cn={'2': {'A': 1, 'B': 1}}	0
2	25000000	30000000	cn={'2': {'A': 1, 'B': 1}}	0
2	30000000	35000000	cn={'2': {'A': 1, 'B': 1}}	0
2	35000000	40000000	cn={'2': {'A': 1, 'B': 1}}	0
2	40000000	45000000	cn={'2': {'A': 1, 'B': 1}}	0
2	45000000	50000000	cn={'2': {'A': 1, 'B': 1}}	0
2	50000000	55000000	cn={'2': {'A': 1, 'B': 1}}	0
2	55000000	60000000	cn={'2': {'A': 1, 'B': 1}}	0
2	60000000	65000000	cn={'2': {'A': 1, 'B': 1}}	0
2	65000000	70000000	cn={'2': {'A': 1, 'B': 1}}	0
2	70000000	75000000	cn={'2': {'A': 1, 'B': 1}}	0
2	75000000	80000000	cn={'2': {'A': 1, 'B': 1}}	0
2	80000000	85000000	cn={'2': {'A': 1, 'B': 1}}	0
2	85000000	90000000	cn={'2': {'A': 1, 'B': 1}}	0
2	90000000	95000000	cn={'2': {'A': 1, 'B': 1}}	0
2	95000000	100000000	cn={'2': {'A': 1, 'B': 1}}	0
2	100000000	105000000	cn={'2': {'A': 1, 'B': 1}}	0
2	105000000	110000000	cn={'2': {'A': 1, 'B': 1}}	0
2	110000000	115000000	cn={'2': {'A': 1, 'B': 1}}	0
2	115000000	120000000	cn={'2': {'A': 1, 'B': 1}}	0
2	120000000	125000000	cn={'2': {'A': 1, 'B': 1}}	0
2	125000000	130000000	cn={'2': {'A': 1, 'B': 1}}	0
2	130000000	135000000	cn={'2': {'A': 1, 'B': 1}}	0
2	135000000	140000000	cn={'2': {'A': 1, 'B': 1}}	0
2	140000000	145000000	cn={'2': {'A': 1, 'B': 1}}	0
2	145000000	150000000	cn={'2': {'A': 1, 'B': 1}}	0
2	150000000	155000000	cn={'2': {'A': 1, 'B': 1}}	0
2	155000000	160000000	cn={'2': {'A': 1, 'B': 1}}	0
2	160000000	165000000	cn={'2': {'A': 1, 'B': 1}}	0
2	165000000	170000000	cn={'2': {'A': 1, 'B': 1}}	0
2	170000000	175000000	cn={'2': {'A': 1, 'B': 1}}	0
2	175000000	180000000	cn={'2': {'A': 1, 'B': 1}}	0
2	180000000	185000000	cn={'2': {'A': 1, 'B': 1}}	0
2	185000000	190000000	cn={'2': {'A': 1, 'B': 1}}	0
2	190000000	195000000	cn={'2': {'A': 1, 'B': 1}}	0
2	195000000	200000000	cn={'2': {'A': 1, 'B': 1}}	0
2	200000000	205000000	cn={'2': {'A': 1, 'B': 1}}	0
2	205000000	210000000	cn={'2': {'A': 1, 'B': 1}}	0
2	210000000	215000000	cn={'2': {'A': 1, 'B': 1}}	0
2	215000000	220000000	cn={'2': {'A': 1, 'B': 1}}	0
2	220000000	225000000	cn={'2': {'A': 1, 'B': 1}}	0
2	225000000	230000000	cn={'2': {'A': 1, 'B': 1}}	0
2	230000000	235000000	cn={'2': {'A': 1, 'B': 1}}	0
2	235000000	240000000	cn={'2': {'A': 1, 'B': 1}}	0
3	0	5000000	cn={'2': {'A': 1, 'B': 1}}	0
3	5000000	10000000	cn={'2': {'A': 1, 'B': 1}}	0
3	10000000	15000000	cn={'2': {'A': 1, 'B': 1}}	0
3	15000000	20000000	cn={'2': {'A': 1, 'B': 1}}	0
3	20000000	25000000	cn={'2': {'A': 1, 'B': 1}}	0
3	25000000	30000000	cn={'2': {'A': 1, 'B': 1}}	0
3	30000000	35000000	cn={'2': {'A': 1, 'B': 1}}	0
3	35000000	40000000	cn={'2': {'A': 1, 'B': 1}}	0
3	40000000	45000000	cn={'2': {'A': 1, 'B': 1}}	0
3	45000000	50000000	cn={'2': {'A': 1, 'B': 1}}	0
3	50000000	55000000	cn={'2': {'A': 1, 'B': 1}}	0
3	55000000	60000000	cn={'2': {'A': 1, 'B': 1}}	0
3	60000000	65000000	cn={'2': {'A': 1, 'B': 1}}	0
3	65000000	70000000	cn={'2': {'A': 1, 'B': 1}}	0
3	70000000	75000000	cn={'2': {'A': 1, 'B': 1}}	0
3	75000000	80000000	cn={'2': {'A': 1, 'B': 1}}	0
3	80000000	85000000	cn={'2': {'A': 1, 'B': 1}}	0
3	85000000	90000000	cn={'2': {'A': 1, 'B': 1}}	0
3	90000000	95000000	cn={'2': {'A': 1, 'B': 1}}	0
3	95000000	100000000	cn={'2': {'A': 1, 'B': 1}}	0
3	100000000	105000000	cn={'2': {'A': 1, 'B': 1}}	0
3	105000000	110000000	cn={'2': {'A': 1, 'B': 1}}	0
3	110000000	115000000	cn={'2': {'A': 1, 'B': 1}}	0
3	115000000	120000000	cn={'2': {'A': 1, 'B': 1}}	0
3	120000000	125000000	cn={'2': {'A': 1, 'B': 1}}	0
3	125000000	130000000	cn={'2': {'A': 1, 'B': 1}}	0
3	130000000	135000000	cn={'2': {'A': 1, 'B': 1}}	0
3	135000000	140000000	cn={'2': {'A': 1, 'B': 1}}	0
3	140000000	145000000	cn={'2': {'A': 1, 'B': 1}}	0
3	145000000	150000000	cn={'2': {'A': 1, 'B': 1}}	0
3	150000000	155000000	cn={'2': {'A': 1, 'B': 1}}	0
3	155000000	160000000	cn={'2': {'A': 1, 'B': 1}}	0
3	160000000	165000000	cn={'2': {'A': 1, 'B': 1}}	0
3	165000000	170000000	cn={'2': {'A': 1, 'B': 1}}	0
3	170000000	175000000	cn={'2': {'A': 1, 'B': 1}}	0
3	175000000	180000000	cn={'2': {'A': 1, 'B': 1}}	0
3	180000000	185000000	cn={'2': {'A': 1, 'B': 1}}	0
3	185000000	190000000	cn={'2': {'A': 1, 'B': 1}}	0
3	190000000	195000000	cn={'2': {'A': 1, 'B': 1}}	0
4	0	5000000	cn={'2': {'A': 1, 'B': 1}}	0
4	5000000	10000000	cn={'2': {'A': 1, 'B': 1}}	0
4	10000000	15000000	cn={'2': {'A': 1, 'B': 1}}	0
4	15000000	20000000	cn={'2': {'A': 1, 'B': 1}}	0
4	20000000	25000000	cn={'2': {'A': 1, 'B': 1}}	0
4	25000000	30000000	cn={'2': {'A': 1, 'B': 1}}	0
4	30000000	35000000	cn={'2': {'A': 1, 'B': 1}}	0
4	35000000	40000000	cn={'2': {'A': 1, 'B': 1}}	0
4	40000000	45000000	cn={'2': {'A': 1, 'B': 1}}	0
4	45000000	50000000	cn={'2': {'A': 1, 'B': 1}}	0
4	50000000	55000000	cn={'2': {'A': 1, 'B': 1}}	0
4	55000000	60000000	cn={'2': {'A': 1, 'B': 1}}	0
4	60000000	65000000	cn={'2': {'A': 1, 'B': 1}}	0
4	65000000	70000000	cn={'2': {'A': 1, 'B': 1}}	0
4	70000000	75000000	cn={'2': {'A': 1, 'B': 1}}	0
4	75000000	80000000	cn={'2': {'A': 1, 'B': 1}}	0
4	80000000	85000000	cn={'2': {'A': 1, 'B': 1}}	0
4	85000000	90000000	cn={'2': {'A': 1, 'B': 1}}	0
4	90000000	95000000	cn={'2': {'A': 1, 'B': 1}}	0
4	95000000	100000000	cn={'2': {'A': 1, 'B': 1}}	0
4	100000000	105000000	cn={'2': {'A': 1, 'B': 1}}	0
4	105000000	110000000	cn={'2': {'A': 1, 'B': 1}}	0
4	110000000	115000000	cn={'2': {'A': 1, 'B': 1}}	0
4	115000000	120000000	cn={'2': {'A': 1, 'B': 1}}	0
4	120000000	125000000	cn={'2': {'A': 1, 'B': 1}}	0
4	125000000	130000000	cn={'2': {'A': 1, 'B': 1}}	0
4	130000000	135000000	cn={'2': {'A': 1, 'B': 1}}	0
4	135000000	140000000	cn={'2': {'A': 1, 'B': 1}}	0
4	140000000	145000000	cn={'2': {'A': 1, 'B': 1}}	0
4	145000000	150000000	cn={'2': {'A': 1, 'B': 1}}	0
4	150000000	155000000	cn={'2': {'A': 1, 'B': 1}}	0
4	155000000	160000000	cn={'2': {'A': 1, 'B': 1}}	0
4	160000000	165000000	cn={'2': {'A': 1, 'B': 1}}	0
4	165000000	170000000	cn={'2': {'A': 1, 'B': 1}}	0
4	170000000	175000000	cn={'2': {'A': 1, 'B': 1}}	0
4	175000000	180000000	cn={'2': {'A': 1, 'B': 1}}	0
4	180000000	185000000	cn={'2': {'A': 1, 'B': 1}}	0
4	185000000	190000000	cn={'2': {'A': 1, 'B': 1}}	0
5	0	5000000	cn={'2': {'A': 1, 'B': 1}}	0
5	5000000	10000000	cn={'2': {'A': 1, 'B': 1}}	0
5	10000000	15000000	cn={'2': {'A': 1, 'B': 1}}	0
5	15000000	20000000	cn={'2': {'A': 1, 'B': 1}}	0
5	20000000	25000000	cn={'2': {'A': 1, 'B': 1}}	0
5	25000000	30000000	cn={'2': {'A': 1, 'B': 1}}	0
5	30000000	35000000	cn={'2': {'A': 1, 'B': 1}}	0
5	35000000	40000000	cn={'2': {'A': 1, 'B': 1}}	0
5	40000000	45000000	cn={'2': {'A': 1, 'B': 1}}	0
5	45000000	50000000	cn={'2': {'A': 1, 'B': 1}}	0
5	50000000	55000000	cn={'2': {'A': 1, 'B': 1}}	0
5	55000000	60000000	cn={'2': {'A': 1, 'B': 1}}	0
5	60000000	65000000	cn={'2': {'A': 1, 'B': 1}}	0
5	65000000	70000000	cn={'2': {'A': 1, 'B': 1}}	0
5	70000000	75000000	cn={'2': {'A': 1, 'B': 1}}	0
5	75000000	80000000	cn={'2': {'A': 1, 'B': 1}}	0
5	80000000	85000000	cn={'2': {'A': 1, 'B': 1}}	0
5	85000000	90000000	cn={'2': {'A': 1, 'B': 1}}	0
5	90000000	95000000	cn={'2': {'A': 1, 'B': 1}}	0
5	95000000	100000000	cn={'2': {'A': 1, 'B': 1}}	0
5	100000000	105000000	cn={'2': {'A': 1, 'B': 1}}	0
5	105000000	110000000	cn={'2': {'A': 1, 'B': 1}}	0
5	110000000	115000000	cn={'2': {'A': 1, 'B': 1}}	0
5	115000000	120000000	cn={'2': {'A': 1, 'B': 1}}	0
5	120000000	125000000	cn={'2': {'A': 1, 'B': 1}}	0
5	125000000	130000000	cn={'2': {'A': 1, 'B': 1}}	0
5	130000000	135000000	cn={'2': {'A': 1, 'B': 1}}	0
5	135000000	140000000	cn={'2': {'A': 1, 'B': 1}}	0
5	140000000	145000000	cn={'2': {'A': 1, 'B': 1}}	0
5	145000000	150000000	cn={'2': {'A': 1, 'B': 1}}	0
5	150000000	155000000	cn={'2': {'A': 1, 'B': 1}}	0
5	155000000	160000000	cn={'2': {'A': 1, 'B': 1}}	0
5	160000000	165000000	cn={'2': {'A': 1, 'B': 1}}	0
5	165000000	170000000	cn={'2': {'A': 1, 'B': 1}}	0
5	170000000	175000000	cn={'2': {'A': 1, 'B': 1}}	0
5	175000000	180000000	cn={'2': {'A': 1, 'B': 1}}	0
6	0	5000000	cn={'2': {'A': 1, 'B': 1}}	0
6	5000000	10000000	cn={'2': {'A': 1, 'B': 1}}	0
6	10000000	15000000	cn={'2': {'A': 1, 'B': 1}}	0
6	15000000	20000000	cn={'2': {'A': 1, 'B': 1}}	0
6	20000000	25000000	cn={'2': {'A': 1, 'B': 1}}	0
6	25000000	30000000	cn={'2': {'A': 1, 'B': 1}}	0
6	30000000	35000000	cn={'2': {'A': 1, 'B': 1}}	0
6	35000000	40000000	cn={'2': {'A': 1, 'B': 1}}	0
6	40000000	45000000	cn={'2': {'A': 1, 'B': 1}}	0
6	45000000	50000000	cn={'2': {'A': 1, 'B': 1}}	0
6	50000000	55000000	cn={'2': {'A': 1, 'B': 1}}	0
6	55000000	60000000	cn={'2': {'A': 1, 'B': 1}}	0
6	60000000	65000000	cn={'2': {'A': 1, 'B': 1}}	0
6	65000000	70000000	cn={'2': {'A': 1, 'B': 1}}	0
6	70000000	75000000	cn={'2': {'A': 1, 'B': 1}}	0
6	75000000	80000000	cn={'2': {'A': 1, 'B': 1}}	0
6	80000000	85000000	cn={'2': {'A': 1, 'B': 1}}	0
6	85000000	90000000	cn={'2': {'A': 1, 'B': 1}}	0
6	90000000	95000000	cn={'2': {'A': 1, 'B': 1}}	0
6	95000000	100000000	cn={'2': {'A': 1, 'B': 1}}	0
6	100000000	105000000	cn={'2': {'A': 1, 'B': 1}}	0
6	105000000	110000000	cn={'2': {'A': 1, 'B': 1}}	0
6	110000000	115000000	cn={'2': {'A': 1, 'B': 1}}	0
6	115000000	120000000	cn={'2': {'A': 1, 'B': 1}}	0
6	120000000	125000000	cn={'2': {'A': 1, 'B': 1}}	0
6	125000000	130000000	cn={'2': {'A': 1, 'B': 1}}	0
6	130000000	135000000	cn={'2': {'A': 1, 'B': 1}}	0
6	135000000	140000000	cn={'2': {'A': 1, 'B': 1}}	0
6	140000000	145000000	cn={'2': {'A': 1, 'B': 1}}	0
6	145000000	150000000	cn={'2': {'A': 1, 'B': 1}}	0
6	150000000	155000000	cn={'2': {'A': 1, 'B': 1}}	0
6	155000000	160000000	cn={'2': {'A': 1, 'B': 1}}	0
6	160000000	165000000	cn={'2': {'A': 1, 'B': 1}}	0
6	165000000	170000000	cn={'2': {'A': 1, 'B': 1}}	0
7	0	5000000	cn={'2': {'A': 1, 'B': 1}}	0
7	5000000	10000000	cn={'2': {'A': 1, 'B': 1}}	0
7	10000000	15000000	cn={'2': {'A': 1, 'B': 1}}	0
7	15000000	20000000	cn={'2': {'A': 1, 'B': 1}}	0
7	20000000	25000000	cn={'2': {'A': 1, 'B': 1}}	0
7	25000000	30000000	cn={'2': {'A': 1, 'B': 1}}	0
7	30000000	35000000	cn={'2': {'A': 1, 'B': 1}}	0
7	35000000	40000000	cn={'2': {'A': 1, 'B': 1}}	0
7	40000000	45000000	cn={'2': {'A': 1, 'B': 1}}	0
7	45000000	50000000	cn={'2': {'A': 1, 'B': 1}}	0
7	50000000	55000000	cn={'2': {'A': 1, 'B': 1}}	0
7	55000000	60000000	cn={'2': {'A': 1, 'B': 1}}	0
7	60000000	65000000	cn={'2': {'A': 1, 'B': 1}}	0
7	65000000	70000000	cn={'2': {'A': 1, 'B': 1}}	0
7	70000000	75000000	cn={'2': {'A': 1, 'B': 1}}	0
7	75000000	80000000	cn={'2': {'A': 1, 'B': 1}}	0
7	80000000	85000000	cn={'2': {'A': 1, 'B': 1}}	0
7	85000000	90000000	cn={'2': {'A': 1, 'B': 1}}	0
7	90000000	95000000	cn={'2': {'A': 1, 'B': 1}}	0
7	95000000	100000000	cn={'2': {'A': 1, 'B': 1}}	0
7	100000000	105000000	cn={'2': {'A': 1, 'B': 1}}	0
7	105000000	110000000	cn={'2': {'A': 1, 'B': 1}}	0
7	110000000	115000000	cn={'2': {'A': 1, 'B': 1}}	0
7	115000000	120000000	cn={'2': {'A': 1, 'B': 1}}	0
7	120000000	125000000	cn={'2': {'A': 1, 'B': 1}}	0
7	125000000	130000000	cn={'2': {'A': 1, 'B': 1}}	0
7	130000000	135000000	cn={'2': {'A': 1, 'B': 1}}	0
7	135000000	140000000	cn={'2': {'A': 1, 'B': 1}}	0
7	140000000	145000000	cn={'2': {'A': 1, 'B': 1}}	0
7	145000000	150000000	cn={'2': {'A': 1, 'B': 1}}	0
7	150000000	155000000	cn={'2': {'A': 1, 'B': 1}}	0
8	0	5000000	cn={'2': {'A': 1, 'B': 1}}	0
8	5000000	10000000	cn={'2': {'A': 1, 'B': 1}}	0
8	10000000	15000000	cn={'2': {'A': 1, 'B': 1}}	0
8	15000000	20000000	cn={'2': {'A': 1, 'B': 1}}	0
8	20000000	25000000	cn={'2': {'A': 1, 'B': 1}}	0
8	25000000	30000000	cn={'2': {'A': 1, 'B': 1}}	0
8	30000000	35000000	cn={'2': {'A': 1, 'B': 1}}	0
8	35000000	40000000	cn={'2': {'A': 1, 'B': 1}}	0
8	40000000	45000000	cn={'2': {'A': 1, 'B': 1}}	0
8	45000000	50000000	cn={'2': {'A': 1, 'B': 1}}	0
8	50000000	55000000	cn={'2': {'A': 1, 'B': 1}}	0
8	55000000	60000000	cn={'2': {'A': 1, 'B': 1}}	0
8	60000000	65000000	cn={'2': {'A': 1, 'B': 1}}	0
8	65000000	70000000	cn={'2': {'A': 1, 'B': 1}}	0
8	70000000	75000000	cn={'2': {'A': 1, 'B': 1}}	0
8	75000000	80000000	cn={'2': {'A': 1, 'B': 1}}	0
8	80000000	85000000	cn={'2': {'A': 1, 'B': 1}}	0
8	85000000	90000000	cn={'2': {'A': 1, 'B': 1}}	0
8	90000000	95000000	cn={'2': {'A': 1, 'B': 1}}	0
8	95000000	100000000	cn={'2': {'A': 1, 'B': 1}}	0
8	100000000	105000000	cn={'2': {'A': 1, 'B': 1}}	0
8	105000000	110000000	cn={'2': {'A': 1, 'B': 1}}	0
8	110000000	115000000	cn={'2': {'A': 1, 'B': 1}}	0
8	115000000	120000000	cn={'2': {'A': 1, 'B': 1}}	0
8	120000000	125000000	cn={'2': {'A': 1, 'B': 1}}	0
8	125000000	130000000	cn={'2': {'A': 1, 'B': 1}}	0
8	130000000	135000000	cn={'2': {'A': 1, 'B': 1}}	0
8	135000000	140000000	cn={'2': {'A': 1, 'B': 1}}	0
8	140000000	145000000	cn={'2': {'A': 1, 'B': 1}}	0
9	0	5000000	cn={'3': {'A': 2, 'B': 1}}	0
9	5000000	10000000	cn={'3': {'A': 2, 'B': 1}}	0
9	10000000	15000000	cn={'3': {'A': 2, 'B': 1}}	0
9	15000000	20000000	cn={'3': {'A': 2, 'B': 1}}	0
9	20000000	25000000	cn={'3': {'A': 2, 'B': 1}}	0
9	25000000	30000000	cn={'2': {'A': 1, 'B': 1}}	0
9	30000000	35000000	cn={'2': {'A': 1, 'B': 1}}	0
9	35000000	40000000	cn={'2': {'A': 1, 'B': 1}}	0
9	40000000	45000000	cn={'2': {'A': 1, 'B': 1}}	0
9	45000000	50000000	cn={'2': {'A': 1, 'B': 1}}	0
9	50000000	55000000	cn={'2': {'A': 1, 'B': 1}}	0
9	55000000	60000000	cn={'2': {'A': 1, 'B': 1}}	0
9	60000000	65000000	cn={'2': {'A': 1, 'B': 1}}	0
9	65000000	70000000	cn={'2': {'A': 1, 'B': 1}}	0
9	70000000	75000000	cn={'2': {'A': 1, 'B': 1}}	0
9	75000000	80000000	cn={'2': {'A': 1, 'B': 1}}	0
9	80000000	85000000	cn={'2': {'A': 1, 'B': 1}}	0
9	85000000	90000000	cn={'2': {'A': 1, 'B': 1}}	0
9	90000000	95000000	cn={'2': {'A': 1, 'B': 1}}	0
9	95000000	100000000	cn={'2': {'A': 1, 'B': 1}}	0
9	100000000	105000000	cn={'2': {'A': 1, 'B': 1}}	0
9	105000000	110000000	cn={'2': {'A': 1, 'B': 1}}	0
9	110000000	115000000	cn={'2': {'A': 1, 'B': 1}}	0
9	115000000	120000000	cn={'2': {'A': 1, 'B': 1}}	0
9	120000000	125000000	cn={'2': {'A': 1, 'B': 1}}	0
9	125000000	130000000	cn={'2': {'A': 1, 'B': 1}}	0
9	130000000	135000000	cn={'2': {'A': 1, 'B': 1}}	0
10	0	5000000	cn={'2': {'A': 2, 'B': 0}}	0
10	5000000	10000000	cn={'2': {'A': 2, 'B': 0}}	0
10	10000000	15000000	cn={'2': {'A': 2, 'B': 0}}	0
10	15000000	20000000	cn={'3': {'A': 2, 'B': 1}}	0
10	20000000	25000000	cn={'3': {'A': 2, 'B': 1}}	0
10	25000000	30000000	cn={'3': {'A': 2, 'B': 1}}	0
10	30000000	35000000	cn={'3': {'A': 2, 'B': 1}}	0
10	35000000	40000000	cn={'3': {'A': 2, 'B': 1}}	0
10	40000000	45000000	cn={'2': {'A': 1, 'B': 1}}	0
10	45000000	50000000	cn={'2': {'A': 1, 'B': 1}}	0
10	50000000	55000000	cn={'2': {'A': 1, 'B': 1}}	0
10	55000000	60000000	cn={'2': {'A': 1, 'B': 1}}	0
10	60000000	65000000	cn={'2': {'A': 1, 'B': 1}}	0
10	65000000	70000000	cn={'2': {'A': 1, 'B': 1}}	0
10	70000000	75000000	cn={'2': {'A': 1, 'B': 1}}	0
10	75000000	80000000	cn={'2': {'A': 1, 'B': 1}}	0
10	80000000	85000000	cn={'2': {'A': 1, 'B': 1}}	0
10	85000000	90000000	cn={'2': {'A': 1, 'B': 1}}	0
10	90000000	95000000	cn={'2': {'A': 1, 'B': 1}}	0
10	95000000	100000000	cn={'2': {'A': 1, 'B': 1}}	0
10	100000000	105000000	cn={'2': {'A': 1, 'B': 1}}	0
10	105000000	110000000	cn={'2': {'A': 1, 'B': 1}}	0
10	110000000	115000000	cn={'2': {'A': 1, 'B': 1}}	0
10	115000000	120000000	cn={'2': {'A': 1, 'B': 1}}	0
10	120000000	125000000	cn={'2': {'A': 1, 'B': 1}}	0
10	125000000	130000000	cn={'2': {'A': 1, 'B': 1}}	0
11	0	5000000	cn={'2': {'A': 1, 'B': 1}}	0
11	5000000	10000000	cn={'2': {'A': 1, 'B': 1}}	0
11	10000000	15000000	cn={'2': {'A': 1, 'B': 1}}	0
11	15000000	20000000	cn={'2': {'A': 1, 'B': 1}}	0
11	20000000	25000000	cn={'2': {'A': 1, 'B': 1}}	0
11	25000000	30000000	cn={'2': {'A': 1, 'B': 1}}	0
11	30000000	35000000	cn={'2': {'A': 1, 'B': 1}}	0
11	35000000	40000000	cn={'2': {'A': 1, 'B': 1}}	0
11	40000000	45000000	cn={'2': {'A': 1, 'B': 1}}	0
11	45000000	50000000	cn={'2': {'A': 1, 'B': 1}}	0
11	50000000	55000000	cn={'2': {'A': 1, 'B': 1}}	0
11	55000000	60000000	cn={'2': {'A': 1, 'B': 1}}	0
11	60000000	65000000	cn={'2': {'A': 1, 'B': 1}}	0
11	65000000	70000000	cn={'2': {'A': 1, 'B': 1}}	0
11	70000000	75000000	cn={'2': {'A': 1, 'B': 1}}	0
11	75000000	80000000	cn={'2': {'A': 1, 'B': 1}}	0
11	80000000	85000000	cn={'2': {'A': 1, 'B': 1}}	0
11	85000000	90000000	cn={'2': {'A': 1, 'B': 1}}	0
11	90000000	95000000	cn={'2': {'A': 1, 'B': 1}}	0
11	95000000	100000000	cn={'2': {'A': 1, 'B': 1}}	0
11	100000000	105000000	cn={'2': {'A': 1, 'B': 1}}	0
11	105000000	110000000	cn={'2': {'A': 1, 'B': 1}}	0
11	110000000	115000000	cn={'2': {'A': 1, 'B': 1}}	0
11	115000000	120000000	cn={'2': {'A': 1, 'B': 1}}	0
11	120000000	125000000	cn={'2': {'A': 1, 'B': 1}}	0
11	125000000	130000000	cn={'2': {'A': 1, 'B': 1}}	0
11	130000000	135000000	cn={'2': {'A': 1, 'B': 1}}	0
12	0	5000000	cn={'2': {'A': 1, 'B': 1}}	0
12	5000000	10000000	cn={'2': {'A': 1, 'B': 1}}	0
12	10000000	15000000	cn={'2': {'A': 1, 'B': 1}}	0
12	15000000	20000000	cn={'2': {'A': 1, 'B': 1}}	0
12	20000000	25000000	cn={'2': {'A': 1, 'B': 1}}	0
12	25000000	30000000	cn={'2': {'A': 1, 'B': 1}}	0
12	30000000	35000000	cn={'2': {'A': 1, 'B': 1}}	0
12	35000000	40000000	cn={'2': {'A': 1, 'B': 1}}	0
12	40000000	45000000	cn={'2': {'A': 1, 'B': 1}}	0
12	45000000	50000000	cn={'2': {'A': 1, 'B': 1}}	0
12	50000000	55000000	cn={'2': {'A': 1, 'B': 1}}	0
12	55000000	60000000	cn={'2': {'A': 1, 'B': 1}}	0
12	60000000	65000000	cn={'2': {'A': 1, 'B': 1}}	0
12	65000000	70000000	cn={'2': {'A': 1, 'B': 1}}	0
12	70000000	75000000	cn={'2': {'A': 1, 'B': 1}}	0
12	75000000	80000000	cn={'2': {'A': 1, 'B': 1}}	0
12	80000000	85000000	cn={'2': {'A': 1, 'B': 1}}	0
12	85000000	90000000	cn={'2': {'A': 1, 'B': 1}}	0
12	90000000	95000000	cn={'2': {'A': 1, 'B': 1}}	0
12	95000000	100000000	cn={'2': {'A': 1, 'B': 1}}	0
12	100000000	105000000	cn={'2': {'A': 1, 'B': 1}}	0
12	105000000	110000000	cn={'2': {'A': 1, 'B': 1}}	0
12	110000000	115000000	cn={'2': {'A': 1, 'B': 1}}	0
12	115000000	120000000	cn={'2': {'A': 1, 'B': 1}}	0
12	120000000	125000000	cn={'2': {'A': 1, 'B': 1}}	0
12	125000000	130000000	cn={'2': {'A': 1, 'B': 1}}	0
13	0	5000000	cn={'0': {'A': 0, 'B': 0}}	0
13	5000000	10000000	cn={'1': {'A': 1, 'B': 0}}	0
13	10000000	15000000	cn={'1': {'A': 1, 'B': 0}}	0
13	15000000	20000000	cn={'2': {'A': 2, 'B': 0}}	0
13	20000000	25000000	cn={'2': {'A': 2, 'B': 0}}	0
13	25000000	30000000	cn={'2': {'A': 2, 'B': 0}}	0
13	30000000	35000000	cn={'2': {'A': 2, 'B': 0}}	0
13	35000000	40000000	cn={'1': {'A': 1, 'B': 0}}	0
13	40000000	45000000	cn={'1': {'A': 1, 'B': 0}}	0
13	45000000	50000000	cn={'3': {'A': 1, 'B': 2}}	0
13	50000000	55000000	cn={'1': {'A': 1, 'B': 0}}	0
13	55000000	60000000	cn={'1': {'A': 1, 'B': 0}}	0
13	60000000	65000000	cn={'3': {'A': 1, 'B': 2}}	0
13	65000000	70000000	cn={'2': {'A': 1, 'B': 1}}	0
13	70000000	75000000	cn={'2': {'A': 1, 'B': 1}}	0
13	75000000	80000000	cn={'2': {'A': 1, 'B': 1}}	0
13	80000000	85000000	cn={'2': {'A': 1, 'B': 1}}	0
13	85000000	90000000	cn={'2': {'A': 1, 'B': 1}}	0
13	90000000	95000000	cn={'2': {'A': 1, 'B': 1}}	0
13	95000000	100000000	cn={'2': {'A': 1, 'B': 1}}	0
13	100000000	105000000	cn={'2': {'A': 1, 'B': 1}}	0
13	105000000	110000000	cn={'2': {'A': 1, 'B': 1}}	0
14	0	5000000	cn={'2': {'A': 1, 'B': 1}}	0
14	5000000	10000000	cn={'2': {'A': 1, 'B': 1}}	0
14	10000000	15000000	cn={'2': {'A': 1, 'B': 1}}	0
14	15000000	20000000	cn={'2': {'A': 1, 'B': 1}}	0
14	20000000	25000000	cn={'2': {'A': 1, 'B': 1}}	0
14	25000000	30000000	cn={'2': {'A': 1, 'B': 1}}	0
14	30000000	35000000	cn={'2': {'A': 1, 'B': 1}}	0
14	35000000	40000000	cn={'2': {'A': 1, 'B': 1}}	0
14	40000000	45000000	cn={'2': {'A': 1, 'B': 1}}	0
14	45000000	50000000	cn={'2': {'A': 1, 'B': 1}}	0
14	50000000	55000000	cn={'2': {'A': 1, 'B': 1}}	0
14	55000000	60000000	cn={'2': {'A': 1, 'B': 1}}	0
14	60000000	65000000	cn={'2': {'A': 1, 'B': 1}}	0
14	65000000	70000000	cn={'2': {'A': 1, 'B': 1}}	0
14	70000000	75000000	cn={'2': {'A': 1, 'B': 1}}	0
14	75000000	80000000	cn={'2': {'A': 1, 'B': 1}}	0
14	80000000	85000000	cn={'2': {'A': 1, 'B': 1}}	0
14	85000000	90000000	cn={'2': {'A': 1, 'B': 1}}	0
14	90000000	95000000	cn={'2': {'A': 1, 'B': 1}}	0
14	95000000	100000000	cn={'2': {'A': 1, 'B': 1}}	0
14	100000000	105000000	cn={'2': {'A': 1, 'B': 1}}	0
15	0	5000000	cn={'2': {'A': 1, 'B': 1}}	0
15	5000000	10000000	cn={'2': {'A': 1, 'B': 1}}	0
15	10000000	15000000	cn={'2': {'A': 1, 'B': 1}}	0
15	15000000	20000000	cn={'2': {'A': 1, 'B': 1}}	0
15	20000000	25000000	cn={'2': {'A': 1, 'B': 1}}	0
15	25000000	30000000	cn={'2': {'A': 1, 'B': 1}}	0
15	30000000	35000000	cn={'2': {'A': 1, 'B': 1}}	0
15	35000000	40000000	cn={'2': {'A': 1, 'B': 1}}	0
15	40000000	45000000	cn={'2': {'A': 1, 'B': 1}}	0
15	45000000	50000000	cn={'2': {'A': 1, 'B': 1}}	0
15	50000000	55000000	cn={'2': {'A': 1, 'B': 1}}	0
15	55000000	60000000	cn={'2': {'A': 1, 'B': 1}}	0
15	60000000	65000000	cn={'2': {'A': 1, 'B': 1}}	0
15	65000000	70000000	cn={'2': {'A': 1, 'B': 1}}	0
15	70000000	75000000	cn={'2': {'A': 1, 'B': 1}}	0
15	75000000	80000000	cn={'2': {'A': 1, 'B': 1}}	0
15	80000000	85000000	cn={'2': {'A': 1, 'B': 1}}	0
15	85000000	90000000	cn={'2': {'A': 1, 'B': 1}}	0
15	90000000	95000000	cn={'2': {'A': 1, 'B': 1}}	0
15	95000000	100000000	cn={'2': {'A': 1, 'B': 1}}	0
16	0	5000000	cn={'2': {'A': 1, 'B': 1}}	0
16	5000000	10000000	cn={'2': {'A': 1, 'B': 1}}	0
16	10000000	15000000	cn={'2': {'A': 1, 'B': 1}}	0
16	15000000	20000000	cn={'2': {'A': 1, 'B': 1}}	0
16	20000000	25000000	cn={'2': {'A': 1, 'B': 1}}	0
16	25000000	30000000	cn={'2': {'A': 1, 'B': 1}}	0
16	30000000	35000000	cn={'2': {'A': 1, 'B': 1}}	0
16	35000000	40000000	cn={'2': {'A': 1, 'B': 1}}	0
16	40000000	45000000	cn={'2': {'A': 1, 'B': 1}}	0
16	45000000	50000000	cn={'2': {'A': 1, 'B': 1}}	0
16	50000000	55000000	cn={'2': {'A': 1, 'B': 1}}	0
16	55000000	60000000	cn={'2': {'A': 1, 'B': 1}}	0
16	60000000	65000000	cn={'2': {'A': 1, 'B': 1}}	0
16	65000000	70000000	cn={'2': {'A': 1, 'B': 1}}	0
16	70000000	75000000	cn={'2': {'A': 1, 'B': 1}}	0
16	75000000	80000000	cn={'2': {'A': 1, 'B': 1}}	0
16	80000000	85000000	cn={'2': {'A': 1, 'B': 1}}	0
16	85000000	90000000	cn={'2': {'A': 1, 'B': 1}}	0
17	0	5000000	cn={'2': {'A': 1, 'B': 1}}	0
17	5000000	10000000	cn={'2': {'A': 1, 'B': 1}}	0
17	10000000	15000000	cn={'2': {'A': 1, 'B': 1}}	0
17	15000000	20000000	cn={'2': {'A': 1, 'B': 1}}	0
17	20000000	25000000	cn={'2': {'A': 1, 'B': 1}}	0
17	25000000	30000000	cn={'2': {'A': 1, 'B': 1}}	0
17	30000000	35000000	cn={'2': {'A': 1, 'B': 1}}	0
17	35000000	40000000	cn={'2': {'A': 1, 'B': 1}}	0
17	40000000	45000000	cn={'2': {'A': 1, 'B': 1}}	0
17	45000000	50000000	cn={'2': {'A': 1, 'B': 1}}	0
17	50000000	55000000	cn={'2': {'A': 1, 'B': 1}}	0
17	55000000	60000000	cn={'2': {'A': 1, 'B': 1}}	0
17	60000000	65000000	cn={'2': {'A': 1, 'B': 1}}	0
17	65000000	70000000	cn={'2': {'A': 1, 'B': 1}}	0
17	70000000	75000000	cn={'2': {'A': 1, 'B': 1}}	0
17	75000000	80000000	cn={'2': {'A': 1, 'B': 1}}	0
18	0	5000000	cn={'1': {'A': 0, 'B': 1}}	0
18	5000000	10000000	cn={'1': {'A': 0, 'B': 1}}	0
18	10000000	15000000	cn={'1': {'A': 0, 'B': 1}}	0
18	15000000	20000000	cn={'1': {'A': 0, 'B': 1}}	0
18	20000000	25000000	cn={'1': {'A': 0, 'B': 1}}	0
18	25000000	30000000	cn={'1': {'A': 0, 'B': 1}}	0
18	30000000	35000000	cn={'1': {'A': 0, 'B': 1}}	0
18	35000000	40000000	cn={'1': {'A': 0, 'B': 1}}	0
18	40000000	45000000	cn={'2': {'A': 1, 'B': 1}}	0
18	45000000	50000000	cn={'2': {'A': 1, 'B': 1}}	0
18	50000000	55000000	cn={'2': {'A': 1, 'B': 1}}	0
18	55000000	60000000	cn={'2': {'A': 1, 'B': 1}}	0
18	60000000	65000000	cn={'2': {'A': 1, 'B': 1}}	0
18	65000000	70000000	cn={'2': {'A': 1, 'B': 1}}	0
18	70000000	75000000	cn={'2': {'A': 1, 'B': 1}}	0
18	75000000	80000000	cn={'2': {'A': 1, 'B': 1}}	0
19	0	5000000	cn={'2': {'A': 1, 'B': 1}}	0
19	5000000	10000000	cn={'2': {'A': 1, 'B': 1}}	0
19	10000000	15000000	cn={'2': {'A': 1, 'B': 1}}	0
19	15000000	20000000	cn={'2': {'A': 1, 'B': 1}}	0
19	20000000	25000000	cn={'2': {'A': 1, 'B': 1}}	0
19	25000000	30000000	cn={'2': {'A': 1, 'B': 1}}	0
19	30000000	35000000	cn={'2': {'A': 1, 'B': 1}}	0
19	35000000	40000000	cn={'2': {'A': 1, 'B': 1}}	0
19	40000000	45000000	cn={'2': {'A': 1, 'B': 1}}	0
19	45000000	50000000	cn={'2': {'A': 1, 'B': 1}}	0
19	50000000	55000000	cn={'2': {'A': 1, 'B': 1}}	0
20	0	5000000	cn={'2': {'A': 1, 'B': 1}}	0
20	5000000	10000000	cn={'2': {'A': 1, 'B': 1}}	0
20	10000000	15000000	cn={'2': {'A': 1, 'B': 1}}	0
20	15000000	20000000	cn={'2': {'A': 1, 'B': 1}}	0
20	20000000	25000000	cn={'2': {'A': 1, 'B': 1}}	0
20	25000000	30000000	cn={'2': {'A': 1, 'B': 1}}	0
20	30000000	35000000	cn={'2': {'A': 1, 'B': 1}}	0
20	35000000	40000000	cn={'2': {'A': 1, 'B': 1}}	0
20	40000000	45000000	cn={'2': {'A': 1, 'B': 1}}	0
20	45000000	50000000	cn={'2': {'A': 1, 'B': 1}}	0
20	50000000	55000000	cn={'2': {'A': 1, 'B': 1}}	0
20	55000000	60000000	cn={'2': {'A': 1, 'B': 1}}	0
21	0	5000000	cn={'2': {'A': 1, 'B': 1}}	0
21	5000000	10000000	cn={'2': {'A': 1, 'B': 1}}	0
21	10000000	15000000	cn={'2': {'A': 1, 'B': 1}}	0
21	15000000	20000000	cn={'2': {'A': 1, 'B': 1}}	0
21	20000000	25000000	cn={'2': {'A': 1, 'B': 1}}	0
21	25000000	30000000	cn={'2': {'A': 1, 'B': 1}}	0
21	30000000	35000000	cn={'2': {'A': 1, 'B': 1}}	0
21	35000000	40000000	cn={'2': {'A': 1, 'B': 1}}	0
21	40000000	45000000	cn={'2': {'A': 1, 'B': 1}}	0
22	0	5000000	cn={'2': {'A': 1, 'B': 1}}	0
22	5000000	10000000	cn={'2': {'A': 1, 'B': 1}}	0
22	10000000	15000000	cn={'2': {'A': 1, 'B': 1}}	0
22	15000000	20000000	cn={'2': {'A': 1, 'B': 1}}	0
22	20000000	25000000	cn={'2': {'A': 1, 'B': 1}}	0
22	25000000	30000000	cn={'2': {'A': 1, 'B': 1}}	0
22	30000000	35000000	cn={'2': {'A': 1, 'B': 1}}	0
22	35000000	40000000	cn={'2': {'A': 1, 'B': 1}}	0
22	40000000	45000000	cn={'2': {'A': 1, 'B': 1}}	0
22	45000000	50000000	cn={'2': {'A': 1, 'B': 1}}	0
1	0	5000000	cn={'2': {'A': 1, 'B': 1}}	1
1	5000000	10000000	cn={'2': {'A': 1, 'B': 1}}	1
1	10000000	15000000	cn={'2': {'A': 1, 'B': 1}}	1
1	15000000	20000000	cn={'2': {'A': 1, 'B': 1}}	1
1	20000000	25000000	cn={'2': {'A': 1, 'B': 1}}	1
1	25000000	30000000	cn={'2': {'A': 1, 'B': 1}}	1
1	30000000	35000000	cn={'2': {'A': 1, 'B': 1}}	1
1	35000000	40000000	cn={'2': {'A': 1, 'B': 1}}	1
1	40000000	45000000	cn={'2': {'A': 1, 'B': 1}}	1
1	45000000	50000000	cn={'2': {'A': 1, 'B': 1}}	1
1	50000000	55000000	cn={'2': {'A': 1, 'B': 1}}	1
1	55000000	60000000	cn={'2': {'A': 1, 'B': 1}}	1
1	60000000	65000000	cn={'2': {'A': 1, 'B': 1}}	1
1	65000000	70000000	cn={'2': {'A': 1, 'B': 1}}	1
1	70000000	75000000	cn={'2': {'A': 1, 'B': 1}}	1
1	75000000	80000000	cn={'2': {'A': 1, 'B': 1}}	1
1	80000000	85000000	cn={'2': {'A': 1, 'B': 1}}	1
1	85000000	90000000	cn={'2': {'A': 1, 'B': 1}}	1
1	90000000	95000000	cn={'2': {'A': 1, 'B': 1}}	1
1	95000000	100000000	cn={'2': {'A': 1, 'B': 1}}	1
1	100000000	105000000	cn={'2': {'A': 1, 'B': 1}}	1
1	105000000	110000000	cn={'2': {'A': 1, 'B': 1}}	1
1	110000000	115000000	cn={'2': {'A': 1, 'B': 1}}	1
1	115000000	120000000	cn={'2': {'A': 1, 'B': 1}}	1
1	120000000	125000000	cn={'2': {'A': 1, 'B': 1}}	1
1	125000000	130000000	cn={'2': {'A': 1, 'B': 1}}	1
1	130000000	135000000	cn={'2': {'A': 1, 'B': 1}}	1
1	135000000	140000000	cn={'2': {'A': 1, 'B': 1}}	1
1	140000000	145000000	cn={'2': {'A': 1, 'B': 1}}	1
1	145000000	150000000	cn={'2': {'A': 1, 'B': 1}}	1
1	150000000	155000000	cn={'2': {'A': 1, 'B': 1}}	1
1	155000000	160000000	cn={'2': {'A': 1, 'B': 1}}	1
1	160000000	165000000	cn={'2': {'A': 1, 'B': 1}}	1
1	165000000	170000000	cn={'2': {'A': 1, 'B': 1}}	1
1	170000000	175000000	cn={'2': {'A': 1, 'B': 1}}	1
1	175000000	180000000	cn={'2': {'A': 1, 'B': 1}}	1
1	180000000	185000000	cn={'2': {'A': 1, 'B': 1}}	1
1	185000000	190000000	cn={'2': {'A': 1, 'B': 1}}	1
1	190000000	195000000	cn={'2': {'A': 1, 'B': 1}}	1
1	195000000	200000000	cn={'2': {'A': 1, 'B': 1}}	1
1	200000000	205000000	cn={'2': {'A': 1, 'B': 1}}	1
1	205000000	210000000	cn={'2': {'A': 1, 'B': 1}}	1
1	210000000	215000000	cn={'2': {'A': 1, 'B': 1}}	1
1	215000000	220000000	cn={'2': {'A': 1, 'B': 1}}	1
1	220000000	225000000	cn={'2': {'A': 1, 'B': 1}}	1
1	225000000	230000000	cn={'2': {'A': 1, 'B': 1}}	1
1	230000000	235000000	cn={'2': {'A': 1, 'B': 1}}	1
1	235000000	240000000	cn={'2': {'A': 1, 'B': 1}}	1
1	240000000	245000000	cn={'2': {'A': 1, 'B': 1}}	1
2	0	5000000	cn={'2': {'A': 1, 'B': 1}}	1
2	5000000	10000000	cn={'2': {'A': 1, 'B': 1}}	1
2	10000000	15000000	cn={'2': {'A': 1, 'B': 1}}	1
2	15000000	20000000	cn={'2': {'A': 1, 'B': 1}}	1
2	20000000	25000000	cn={'2': {'A': 1, 'B': 1}}	1
2	25000000	30000000	cn={'2': {'A': 1, 'B': 1}}	1
2	30000000	35000000	cn={'2': {'A': 1, 'B': 1}}	1
2	35000000	40000000	cn={'2': {'A': 1, 'B': 1}}	1
2	40000000	45000000	cn={'2': {'A': 1, 'B': 1}}	1
2	45000000	50000000	cn={'2': {'A': 1, 'B': 1}}	1
2	50000000	55000000	cn={'2': {'A': 1, 'B': 1}}	1
2	55000000	60000000	cn={'2': {'A': 1, 'B': 1}}	1
2	60000000	65000000	cn={'2': {'A': 1, 'B': 1}}	1
2	65000000	70000000	cn={'2': {'A': 1, 'B': 1}}	1
2	70000000	75000000	cn={'2': {'A': 1, 'B': 1}}	1
2	75000000	80000000	cn={'2': {'A': 1, 'B': 1}}	1
2	80000000	85000000	cn={'2': {'A': 1, 'B': 1}}	1
2	85000000	90000000	cn={'2': {'A': 1, 'B': 1}}	1
2	90000000	95000000	cn={'2': {'A': 1, 'B': 1}}	1
2	95000000	100000000	cn={'2': {'A': 1, 'B': 1}}	1
2	100000000	105000000	cn={'2': {'A': 1, 'B': 1}}	1
2	105000000	110000000	cn={'2': {'A': 1, 'B': 1}}	1
2	110000000	115000000	cn={'2': {'A': 1, 'B': 1}}	1
2	115000000	120000000	cn={'2': {'A': 1, 'B': 1}}	1
2	120000000	125000000	cn={'2': {'A': 1, 'B': 1}}	1
2	125000000	130000000	cn={'2': {'A': 1, 'B': 1}}	1
2	130000000	135000000	cn={'2': {'A': 1, 'B': 1}}	1
2	135000000	140000000	cn={'2': {'A': 1, 'B': 1}}	1
2	140000000	145000000	cn={'2': {'A': 1, 'B': 1}}	1
2	145000000	150000000	cn={'2': {'A': 1, 'B': 1}}	1
2	150000000	155000000	cn={'2': {'A': 1, 'B': 1}}	1
2	155000000	160000000	cn={'2': {'A': 1, 'B': 1}}	1
2	160000000	165000000	cn={'2': {'A': 1, 'B': 1}}	1
2	165000000	170000000	cn={'2': {'A': 1, 'B': 1}}	1
2	170000000	175000000	cn={'2': {'A': 1, 'B': 1}}	1
2	175000000	180000000	cn={'2': {'A': 1, 'B': 1}}	1
2	180000000	185000000	cn={'2': {'A': 1, 'B': 1}}	1
2	185000000	190000000	cn={'2': {'A': 1, 'B': 1}}	1
2	190000000	195000000	cn={'2': {'A': 1, 'B': 1}}	1
2	195000000	200000000	cn={'2': {'A': 1, 'B': 1}}	1
2	200000000	205000000	cn={'2': {'A': 1, 'B': 1}}	1
2	205000000	210000000	cn={'2': {'A': 1, 'B': 1}}	1
2	210000000	215000000	cn={'2': {'A': 1, 'B': 1}}	1
2	215000000	220000000	cn={'2': {'A': 1, 'B': 1}}	1
2	220000000	225000000	cn={'2': {'A': 1, 'B': 1}}	1
2	225000000	230000000	cn={'2': {'A': 1, 'B': 1}}	1
2	230000000	235000000	cn={'2': {'A': 1, 'B': 1}}	1
2	235000000	240000000	cn={'2': {'A': 1, 'B': 1}}	1
3	0	5000000	cn={'2': {'A': 1, 'B': 1}}	1
3	5000000	10000000	cn={'2': {'A': 1, 'B': 1}}	1
3	10000000	15000000	cn={'2': {'A': 1, 'B': 1}}	1
3	15000000	20000000	cn={'2': {'A': 1, 'B': 1}}	1
3	20000000	25000000	cn={'2': {'A': 1, 'B': 1}}	1
3	25000000	30000000	cn={'2': {'A': 1, 'B': 1}}	1
3	30000000	35000000	cn={'2': {'A': 1, 'B': 1}}	1
3	35000000	40000000	cn={'2': {'A': 1, 'B': 1}}	1
3	40000000	45000000	cn={'2': {'A': 1, 'B': 1}}	1
3	45000000	50000000	cn={'2': {'A': 1, 'B': 1}}	1
3	50000000	55000000	cn={'2': {'A': 1, 'B': 1}}	1
3	55000000	60000000	cn={'2': {'A': 1, 'B': 1}}	1
3	60000000	65000000	cn={'2': {'A': 1, 'B': 1}}	1
3	65000000	70000000	cn={'2': {'A': 1, 'B': 1}}	1
3	70000000	75000000	cn={'2': {'A': 1, 'B': 1}}	1
3	75000000	80000000	cn={'2': {'A': 1, 'B': 1}}	1
3	80000000	85000000	cn={'2': {'A': 1, 'B': 1}}	1
3	85000000	90000000	cn={'2': {'A': 1, 'B': 1}}	1
3	90000000	95000000	cn={'2': {'A': 1, 'B': 1}}	1
3	95000000	100000000	cn={'2': {'A': 1, 'B': 1}}	1
3	100000000	105000000	cn={'2': {'A': 1, 'B': 1}}	1
3	105000000	110000000	cn={'2': {'A': 1, 'B': 1}}	1
3	110000000	115000000	cn={'2': {'A': 1, 'B': 1}}	1
3	115000000	120000000	cn={'2': {'A': 1, 'B': 1}}	1
3	120000000	125000000	cn={'2': {'A': 1, 'B': 1}}	1
3	125000000	130000000	cn={'2': {'A': 1, 'B': 1}}	1
3	130000000	135000000	cn={'2': {'A': 1, 'B': 1}}	1
3	135000000	140000000	cn={'2': {'A': 1, 'B': 1}}	1
3	140000000	145000000	cn={'2': {'A': 1, 'B': 1}}	1
3	145000000	150000000	cn={'2': {'A': 1, 'B': 1}}	1
3	150000000	155000000	cn={'2': {'A': 1, 'B': 1}}	1
3	155000000	160000000	cn={'2': {'A': 1, 'B': 1}}	1
3	160000000	165000000	cn={'2': {'A': 1, 'B': 1}}	1
3	165000000	170000000	cn={'2': {'A': 1, 'B': 1}}	1
3	170000000	175000000	cn={'2': {'A': 1, 'B': 1}}	1
3	175000000	180000000	cn={'2': {'A': 1, 'B': 1}}	1
3	180000000	185000000	cn={'2': {'A': 1, 'B': 1}}	1
3	185000000	190000000	cn={'2': {'A': 1, 'B': 1}}	1
3	190000000	195000000	cn={'2': {'A': 1, 'B': 1}}	1
4	0	5000000	cn={'1': {'A': 0, 'B': 1}}	1
4	5000000	10000000	cn={'1': {'A': 0, 'B': 1}}	1
4	10000000	15000000	cn={'2': {'A': 1, 'B': 1}}	1
4	15000000	20000000	cn={'2': {'A': 1, 'B': 1}}	1
4	20000000	25000000	cn={'2': {'A': 1, 'B': 1}}	1
4	25000000	30000000	cn={'2': {'A': 1, 'B': 1}}	1
4	30000000	35000000	cn={'2': {'A': 1, 'B': 1}}	1
4	35000000	40000000	cn={'2': {'A': 1, 'B': 1}}	1
4	40000000	45000000	cn={'2': {'A': 1, 'B': 1}}	1
4	45000000	50000000	cn={'2': {'A': 1, 'B': 1}}	1
4	50000000	55000000	cn={'2': {'A': 1, 'B': 1}}	1
4	55000000	60000000	cn={'2': {'A': 1, 'B': 1}}	1
4	60000000	65000000	cn={'2': {'A': 1, 'B': 1}}	1
4	65000000	70000000	cn={'2': {'A': 1, 'B': 1}}	1
4	70000000	75000000	cn={'2': {'A': 1, 'B': 1}}	1
4	75000000	80000000	cn={'2': {'A': 1, 'B': 1}}	1
4	80000000	85000000	cn={'2': {'A': 1, 'B': 1}}	1
4	85000000	90000000	cn={'2': {'A': 1, 'B': 1}}	1
4	90000000	95000000	cn={'2': {'A': 1, 'B': 1}}	1
4	95000000	100000000	cn={'2': {'A': 1, 'B': 1}}	1
4	100000000	105000000	cn={'2': {'A': 1, 'B': 1}}	1
4	105000000	110000000	cn={'2': {'A': 1, 'B': 1}}	1
4	110000000	115000000	cn={'2': {'A': 1, 'B': 1}}	1
4	115000000	120000000	cn={'2': {'A': 1, 'B': 1}}	1
4	120000000	125000000	cn={'2': {'A': 1, 'B': 1}}	1
4	125000000	130000000	cn={'2': {'A': 1, 'B': 1}}	1
4	130000000	135000000	cn={'2': {'A': 1, 'B': 1}}	1
4	135000000	140000000	cn={'2': {'A': 1, 'B': 1}}	1
4	140000000	145000000	cn={'2': {'A': 1, 'B': 1}}	1
4	145000000	150000000	cn={'2': {'A': 1, 'B': 1}}	1
4	150000000	155000000	cn={'2': {'A': 1, 'B': 1}}	1
4	155000000	160000000	cn={'2': {'A': 1, 'B': 1}}	1
4	160000000	165000000	cn={'2': {'A': 1, 'B': 1}}	1
4	165000000	170000000	cn={'2': {'A': 1, 'B': 1}}	1
4	170000000	175000000	cn={'2': {'A': 1, 'B': 1}}	1
4	175000000	180000000	cn={'2': {'A': 1, 'B': 1}}	1
4	180000000	185000000	cn={'2': {'A': 1, 'B': 1}}	1
4	185000000	190000000	cn={'2': {'A': 1, 'B': 1}}	1
5	0	5000000	cn={'2': {'A': 1, 'B': 1}}	1
5	5000000	10000000	cn={'2': {'A': 1, 'B': 1}}	1
5	10000000	15000000	cn={'2': {'A': 1, 'B': 1}}	1
5	15000000	20000000	cn={'2': {'A': 1, 'B': 1}}	1
5	20000000	25000000	cn={'2': {'A': 1, 'B': 1}}	1
5	25000000	30000000	cn={'2': {'A': 1, 'B': 1}}	1
5	30000000	35000000	cn={'2': {'A': 1, 'B': 1}}	1
5	35000000	40000000	cn={'2': {'A': 1, 'B': 1}}	1
5	40000000	45000000	cn={'2': {'A': 1, 'B': 1}}	1
5	45000000	50000000	cn={'2': {'A': 1, 'B': 1}}	1
5	50000000	55000000	cn={'2': {'A': 1, 'B': 1}}	1
5	55000000	60000000	cn={'2': {'A': 1, 'B': 1}}	1
5	60000000	65000000	cn={'2': {'A': 1, 'B': 1}}	1
5	65000000	70000000	cn={'2': {'A': 1, 'B': 1}}	1
5	70000000	75000000	cn={'2': {'A': 1, 'B': 1}}	1
5	75000000	80000000	cn={'2': {'A': 1, 'B': 1}}	1
5	80000000	85000000	cn={'2': {'A': 1, 'B': 1}}	1
5	85000000	90000000	cn={'2': {'A': 1, 'B': 1}}	1
5	90000000	95000000	cn={'2': {'A': 1, 'B': 1}}	1
5	95000000	100000000	cn={'2': {'A': 1, 'B': 1}}	1
5	100000000	105000000	cn={'2': {'A': 1, 'B': 1}}	1
5	105000000	110000000	cn={'2': {'A': 1, 'B': 1}}	1
5	110000000	115000000	cn={'2': {'A': 1, 'B': 1}}	1
5	115000000	120000000	cn={'2': {'A': 1, 'B': 1}}	1
5	120000000	125000000	cn={'2': {'A': 1, 'B': 1}}	1
5	125000000	130000000	cn={'2': {'A': 1, 'B': 1}}	1
5	130000000	135000000	cn={'2': {'A': 1, 'B': 1}}	1
5	135000000	140000000	cn={'2': {'A': 1, 'B': 1}}	1
5	140000000	145000000	cn={'2': {'A': 1, 'B': 1}}	1
5	145000000	150000000	cn={'2': {'A': 1, 'B': 1}}	1
5	150000000	155000000	cn={'2': {'A': 1, 'B': 1}}	1
5	155000000	160000000	cn={'2': {'A': 1, 'B': 1}}	1
5	160000000	165000000	cn={'2': {'A': 1, 'B': 1}}	1
5	165000000	170000000	cn={'2': {'A': 1, 'B': 1}}	1
5	170000000	175000000	cn={'2': {'A': 1, 'B': 1}}	1
5	175000000	180000000	cn={'2': {'A': 1, 'B': 1}}	1
6	0	5000000	cn={'2': {'A': 1, 'B': 1}}	1
6	5000000	10000000	cn={'2': {'A': 1, 'B': 1}}	1
6	10000000	15000000	cn={'2': {'A': 1, 'B': 1}}	1
6	15000000	20000000	cn={'2': {'A': 1, 'B': 1}}	1
6	20000000	25000000	cn={'2': {'A': 1, 'B': 1}}	1
6	25000000	30000000	cn={'2': {'A': 1, 'B': 1}}	1
6	30000000	35000000	cn={'2': {'A': 1, 'B': 1}}	1
6	35000000	40000000	cn={'2': {'A': 1, 'B': 1}}	1
6	40000000	45000000	cn={'2': {'A': 1, 'B': 1}}	1
6	45000000	50000000	cn={'2': {'A': 1, 'B': 1}}	1
6	50000000	55000000	cn={'2': {'A': 1, 'B': 1}}	1
6	55000000	60000000	cn={'2': {'A': 1, 'B': 1}}	1
6	60000000	65000000	cn={'2': {'A': 1, 'B': 1}}	1
6	65000000	70000000	cn={'2': {'A': 1, 'B': 1}}	1
6	70000000	75000000	cn={'2': {'A': 1, 'B': 1}}	1
6	75000000	80000000	cn={'2': {'A': 1, 'B': 1}}	1
6	80000000	85000000	cn={'2': {'A': 1, 'B': 1}}	1
6	85000000	90000000	cn={'2': {'A': 1, 'B': 1}}	1
6	90000000	95000000	cn={'2': {'A': 1, 'B': 1}}	1
6	95000000	100000000	cn={'2': {'A': 1, 'B': 1}}	1
6	100000000	105000000	cn={'2': {'A': 1, 'B': 1}}	1
6	105000000	110000000	cn={'2': {'A': 1, 'B': 1}}	1
6	110000000	115000000	cn={'2': {'A': 1, 'B': 1}}	1
6	115000000	120000000	cn={'2': {'A': 1, 'B': 1}}	1
6	120000000	125000000	cn={'2': {'A': 1, 'B': 1}}	1
6	125000000	130000000	cn={'2': {'A': 1, 'B': 1}}	1
6	130000000	135000000	cn={'2': {'A': 1, 'B': 1}}	1
6	135000000	140000000	cn={'2': {'A': 1, 'B': 1}}	1
6	140000000	145000000	cn={'2': {'A': 1, 'B': 1}}	1
6	145000000	150000000	cn={'2': {'A': 1, 'B': 1}}	1
6	150000000	155000000	cn={'2': {'A': 1, 'B': 1}}	1
6	155000000	160000000	cn={'2': {'A': 1, 'B': 1}}	1
6	160000000	165000000	cn={'2': {'A': 1, 'B': 1}}	1
6	165000000	170000000	cn={'2': {'A': 1, 'B': 1}}	1
7	0	5000000	cn={'2': {'A': 1, 'B': 1}}	1
7	5000000	10000000	cn={'2': {'A': 1, 'B': 1}}	1
7	10000000	15000000	cn={'2': {'A': 1, 'B': 1}}	1
7	15000000	20000000	cn={'2': {'A': 1, 'B': 1}}	1
7	20000000	25000000	cn={'2': {'A': 1, 'B': 1}}	1
7	25000000	30000000	cn={'2': {'A': 1, 'B': 1}}	1
7	30000000	35000000	cn={'2': {'A': 1, 'B': 1}}	1
7	35000000	40000000	cn={'2': {'A': 1, 'B': 1}}	1
7	40000000	45000000	cn={'2': {'A': 1, 'B': 1}}	1
7	45000000	50000000	cn={'2': {'A': 1, 'B': 1}}	1
7	50000000	55000000	cn={'2': {'A': 1, 'B': 1}}	1
7	55000000	60000000	cn={'2': {'A': 1, 'B': 1}}	1
7	60000000	65000000	cn={'2': {'A': 1, 'B': 1}}	1
7	65000000	70000000	cn={'2': {'A': 1, 'B': 1}}	1
7	70000000	75000000	cn={'2': {'A': 1, 'B': 1}}	1
7	75000000	80000000	cn={'2': {'A': 1, 'B': 1}}	1
7	80000000	85000000	cn={'2': {'A': 1, 'B': 1}}	1
7	85000000	90000000	cn={'2': {'A': 1, 'B': 1}}	1
7	90000000	95000000	cn={'2': {'A': 1, 'B': 1}}	1
7	95000000	100000000	cn={'2': {'A': 1, 'B': 1}}	1
7	100000000	105000000	cn={'2': {'A': 1, 'B': 1}}	1
7	105000000	110000000	cn={'2': {'A': 1, 'B': 1}}	1
7	110000000	115000000	cn={'2': {'A': 1, 'B': 1}}	1
7	115000000	120000000	cn={'2': {'A': 1, 'B': 1}}	1
7	120000000	125000000	cn={'2': {'A': 1, 'B': 1}}	1
7	125000000	130000000	cn={'2': {'A': 1, 'B': 1}}	1
7	130000000	135000000	cn={'2': {'A': 1, 'B': 1}}	1
7	135000000	140000000	cn={'2': {'A': 1, 'B': 1}}	1
7	140000000	145000000	cn={'2': {'A': 1, 'B': 1}}	1
7	145000000	150000000	cn={'2': {'A': 1, 'B': 1}}	1
7	150000000	155000000	cn={'2': {'A': 1, 'B': 1}}	1
8	0	5000000	cn={'2': {'A': 1, 'B': 1}}	1
8	5000000	10000000	cn={'2': {'A': 1, 'B': 1}}	1
8	10000000	15000000	cn={'2': {'A': 1, 'B': 1}}	1
8	15000000	20000000	cn={'2': {'A': 1, 'B': 1}}	1
8	20000000	25000000	cn={'2': {'A': 1, 'B': 1}}	1
8	25000000	30000000	cn={'2': {'A': 1, 'B': 1}}	1
8	30000000	35000000	cn={'2': {'A': 1, 'B': 1}}	1
8	35000000	40000000	cn={'2': {'A': 1, 'B': 1}}	1
8	40000000	45000000	cn={'2': {'A': 1, 'B': 1}}	1
8	45000000	50000000	cn={'2': {'A': 1, 'B': 1}}	1
8	50000000	55000000	cn={'2': {'A': 1, 'B': 1}}	1
8	55000000	60000000	cn={'2': {'A': 1, 'B': 1}}	1
8	60000000	65000000	cn={'2': {'A': 1, 'B': 1}}	1
8	65000000	70000000	cn={'2': {'A': 1, 'B': 1}}	1
8	70000000	75000000	cn={'2': {'A': 1, 'B': 1}}	1
8	75000000	80000000	cn={'2': {'A': 1, 'B': 1}}	1
8	80000000	85000000	cn={'2': {'A': 1, 'B': 1}}	1
8	85000000	90000000	cn={'2': {'A': 1, 'B': 1}}	1
8	90000000	95000000	cn={'2': {'A': 1, 'B': 1}}	1
8	95000000	100000000	cn={'2': {'A': 1, 'B': 1}}	1
8	100000000	105000000	cn={'2': {'A': 1, 'B': 1}}	1
8	105000000	110000000	cn={'2': {'A': 1, 'B': 1}}	1
8	110000000	115000000	cn={'2': {'A': 1, 'B': 1}}	1
8	115000000	120000000	cn={'2': {'A': 1, 'B': 1}}	1
8	120000000	125000000	cn={'2': {'A': 1, 'B': 1}}	1
8	125000000	130000000	cn={'2': {'A': 1, 'B': 1}}	1
8	130000000	135000000	cn={'2': {'A': 1, 'B': 1}}	1
8	135000000	140000000	cn={'2': {'A': 1, 'B': 1}}	1
8	140000000	145000000	cn={'2': {'A': 1, 'B': 1}}	1
9	0	5000000	cn={'1': {'A': 0, 'B': 1}}	1
9	5000000	10000000	cn={'1': {'A': 0, 'B': 1}}	1
9	10000000	15000000	cn={'1': {'A': 0, 'B': 1}}	1
9	15000000	20000000	cn={'1': {'A': 0, 'B': 1}}	1
9	20000000	25000000	cn={'0': {'A': 0, 'B': 0}}	1
9	25000000	30000000	cn={'1': {'A': 1, 'B': 0}}	1
9	30000000	35000000	cn={'1': {'A': 1, 'B': 0}}	1
9	35000000	40000000	cn={'1': {'A': 1, 'B': 0}}	1
9	40000000	45000000	cn={'1': {'A': 1, 'B': 0}}	1
9	45000000	50000000	cn={'1': {'A': 1, 'B': 0}}	1
9	50000000	55000000	cn={'1': {'A': 1, 'B': 0}}	1
9	55000000	60000000	cn={'1': {'A': 1, 'B': 0}}	1
9	60000000	65000000	cn={'1': {'A': 1, 'B': 0}}	1
9	65000000	70000000	cn={'1': {'A': 1, 'B': 0}}	1
9	70000000	75000000	cn={'1': {'A': 1, 'B': 0}}	1
9	75000000	80000000	cn={'1': {'A': 1, 'B': 0}}	1
9	80000000	85000000	cn={'1': {'A': 1, 'B': 0}}	1
9	85000000	90000000	cn={'1': {'A': 1, 'B': 0}}	1
9	90000000	95000000	cn={'1': {'A': 1, 'B': 0}}	1
9	95000000	100000000	cn={'1': {'A': 1, 'B': 0}}	1
9	100000000	105000000	cn={'1': {'A': 1, 'B': 0}}	1
9	105000000	110000000	cn={'1': {'A': 1, 'B': 0}}	1
9	110000000	115000000	cn={'2': {'A': 1, 'B': 1}}	1
9	115000000	120000000	cn={'2': {'A': 1, 'B': 1}}	1
9	120000000	125000000	cn={'2': {'A': 1, 'B': 1}}	1
9	125000000	130000000	cn={'2': {'A': 1, 'B': 1}}	1
9	130000000	135000000	cn={'2': {'A': 1, 'B': 1}}	1
10	0	5000000	cn={'2': {'A': 2, 'B': 0}}	1
10	5000000	10000000	cn={'2': {'A': 2, 'B': 0}}	1
10	10000000	15000000	cn={'2': {'A': 2, 'B': 0}}	1
10	15000000	20000000	cn={'2': {'A': 2, 'B': 0}}	1
10	20000000	25000000	cn={'2': {'A': 2, 'B': 0}}	1
10	25000000	30000000	cn={'2': {'A': 2, 'B': 0}}	1
10	30000000	35000000	cn={'2': {'A': 2, 'B': 0}}	1
10	35000000	40000000	cn={'1': {'A': 0, 'B': 1}}	1
10	40000000	45000000	cn={'2': {'A': 1, 'B': 1}}	1
10	45000000	50000000	cn={'2': {'A': 1, 'B': 1}}	1
10	50000000	55000000	cn={'2': {'A': 1, 'B': 1}}	1
10	55000000	60000000	cn={'2': {'A': 1, 'B': 1}}	1
10	60000000	65000000	cn={'2': {'A': 1, 'B': 1}}	1
10	65000000	70000000	cn={'2': {'A': 1, 'B': 1}}	1
10	70000000	75000000	cn={'2': {'A': 1, 'B': 1}}	1
10	75000000	80000000	cn={'2': {'A': 1, 'B': 1}}	1
10	80000000	85000000	cn={'2': {'A': 1, 'B': 1}}	1
10	85000000	90000000	cn={'2': {'A': 1, 'B': 1}}	1
10	90000000	95000000	cn={'2': {'A': 1, 'B': 1}}	1
10	95000000	100000000	cn={'2': {'A': 1, 'B': 1}}	1
10	100000000	105000000	cn={'2': {'A': 1, 'B': 1}}	1
10	105000000	110000000	cn={'2': {'A': 1, 'B': 1}}	1
10	110000000	115000000	cn={'2': {'A': 1, 'B': 1}}	1
10	115000000	120000000	cn={'2': {'A': 1, 'B': 1}}	1
10	120000000	125000000	cn={'2': {'A': 1, 'B': 1}}	1
10	125000000	130000000	cn={'2': {'A': 1, 'B': 1}}	1
11	0	5000000	cn={'2': {'A': 1, 'B': 1}}	1
11	5000000	10000000	cn={'2': {'A': 1, 'B': 1}}	1
11	10000000	15000000	cn={'2': {'A': 1, 'B': 1}}	1
11	15000000	20000000	cn={'2': {'A': 1, 'B': 1}}	1
11	20000000	25000000	cn={'2': {'A': 1, 'B': 1}}	1
11	25000000	30000000	cn={'2': {'A': 1, 'B': 1}}	1
11	30000000	35000000	cn={'2': {'A': 1, 'B': 1}}	1
11	35000000	40000000	cn={'2': {'A': 1, 'B': 1}}	1
11	40000000	45000000	cn={'2': {'A': 1, 'B': 1}}	1
11	45000000	50000000	cn={'2': {'A': 1, 'B': 1}}	1
11	50000000	55000000	cn={'2': {'A': 1, 'B': 1}}	1
11	55000000	60000000	cn={'2': {'A': 1, 'B': 1}}	1
11	60000000	65000000	cn={'2': {'A': 1, 'B': 1}}	1
11	65000000	70000000	cn={'2': {'A': 1, 'B': 1}}	1
11	70000000	75000000	cn={'2': {'A': 1, 'B': 1}}	1
11	75000000	80000000	cn={'2': {'A': 1, 'B': 1}}	1
11	80000000	85000000	cn={'2': {'A': 1, 'B': 1}}	1
11	85000000	90000000	cn={'2': {'A': 1, 'B': 1}}	1
11	90000000	95000000	cn={'2': {'A': 1, 'B': 1}}	1
11	95000000	100000000	cn={'2': {'A': 1, 'B': 1}}	1
11	100000000	105000000	cn={'2': {'A': 1, 'B': 1}}	1
11	105000000	110000000	cn={'2': {'A': 1, 'B': 1}}	1
11	110000000	115000000	cn={'2': {'A': 1, 'B': 1}}	1
11	115000000	120000000	cn={'2': {'A': 1, 'B': 1}}	1
11	120000000	125000000	cn={'2': {'A': 1, 'B': 1}}	1
11	125000000	130000000	cn={'2': {'A': 1, 'B': 1}}	1
11	130000000	135000000	cn={'2': {'A': 1, 'B': 1}}	1
12	0	5000000	cn={'2': {'A': 1, 'B': 1}}	1
12	5000000	10000000	cn={'2': {'A': 1, 'B': 1}}	1
12	10000000	15000000	cn={'2': {'A': 1, 'B': 1}}	1
12	15000000	20000000	cn={'2': {'A': 1, 'B': 1}}	1
12	20000000	25000000	cn={'2': {'A': 1, 'B': 1}}	1
12	25000000	30000000	cn={'2': {'A': 1, 'B': 1}}	1
12	30000000	35000000	cn={'2': {'A': 1, 'B': 1}}	1
12	35000000	40000000	cn={'2': {'A': 1, 'B': 1}}	1
12	40000000	45000000	cn={'2': {'A': 1, 'B': 1}}	1
12	45000000	50000000	cn={'2': {'A': 1, 'B': 1}}	1
12	50000000	55000000	cn={'2': {'A': 1, 'B': 1}}	1
12	55000000	60000000	cn={'2': {'A': 1, 'B': 1}}	1
12	60000000	65000000	cn={'2': {'A': 1, 'B': 1}}	1
12	65000000	70000000	cn={'2': {'A': 1, 'B': 1}}	1
12	70000000	75000000	cn={'2': {'A': 1, 'B': 1}}	1
12	75000000	80000000	cn={'2': {'A': 1, 'B': 1}}	1
12	80000000	85000000	cn={'2': {'A': 1, 'B': 1}}	1
12	85000000	90000000	cn={'2': {'A': 1, 'B': 1}}	1
12	90000000	95000000	cn={'2': {'A': 1, 'B': 1}}	1
12	95000000	100000000	cn={'2': {'A': 1, 'B': 1}}	1
12	100000000	105000000	cn={'2': {'A': 1, 'B': 1}}	1
12	105000000	110000000	cn={'2': {'A': 1, 'B': 1}}	1
12	110000000	115000000	cn={'2': {'A': 1, 'B': 1}}	1
12	115000000	120000000	cn={'2': {'A': 1, 'B': 1}}	1
12	120000000	125000000	cn={'2': {'A': 1, 'B': 1}}	1
12	125000000	130000000	cn={'2': {'A': 1, 'B': 1}}	1
13	0	5000000	cn={'0': {'A': 0, 'B': 0}}	1
13	5000000	10000000	cn={'0': {'A': 0, 'B': 0}}	1
13	10000000	15000000	cn={'1': {'A': 1, 'B': 0}}	1
13	15000000	20000000	cn={'3': {'A': 3, 'B': 0}}	1
13	20000000	25000000	cn={'3': {'A': 3, 'B': 0}}	1
13	25000000	30000000	cn={'3': {'A': 3, 'B': 0}}	1
13	30000000	35000000	cn={'3': {'A': 3, 'B': 0}}	1
13	35000000	40000000	cn={'1': {'A': 1, 'B': 0}}	1
13	40000000	45000000	cn={'1': {'A': 1, 'B': 0}}	1
13	45000000	50000000	cn={'3': {'A': 1, 'B': 2}}	1
13	50000000	55000000	cn={'3': {'A': 1, 'B': 2}}	1
13	55000000	60000000	cn={'3': {'A': 1, 'B': 2}}	1
13	60000000	65000000	cn={'3': {'A': 1, 'B': 2}}	1
13	65000000	70000000	cn={'2': {'A': 1, 'B': 1}}	1
13	70000000	75000000	cn={'2': {'A': 1, 'B': 1}}	1
13	75000000	80000000	cn={'2': {'A': 1, 'B': 1}}	1
13	80000000	85000000	cn={'2': {'A': 1, 'B': 1}}	1
13	85000000	90000000	cn={'2': {'A': 1, 'B': 1}}	1
13	90000000	95000000	cn={'2': {'A': 1, 'B': 1}}	1
13	95000000	100000000	cn={'2': {'A': 1, 'B': 1}}	1
13	100000000	105000000	cn={'2': {'A': 1, 'B': 1}}	1
13	105000000	110000000	cn={'2': {'A': 1, 'B': 1}}	1
14	0	5000000	cn={'2': {'A': 1, 'B': 1}}	1
14	5000000	10000000	cn={'2': {'A': 1, 'B': 1}}	1
14	10000000	15000000	cn={'2': {'A': 1, 'B': 1}}	1
14	15000000	20000000	cn={'2': {'A': 1, 'B': 1}}	1
14	20000000	25000000	cn={'2': {'A': 1, 'B': 1}}	1
14	25000000	30000000	cn={'2': {'A': 1, 'B': 1}}	1
14	30000000	35000000	cn={'2': {'A': 1, 'B': 1}}	1
14	35000000	40000000	cn={'2': {'A': 1, 'B': 1}}	1
14	40000000	45000000	cn={'2': {'A': 1, 'B': 1}}	1
14	45000000	50000000	cn={'2': {'A': 1, 'B': 1}}	1
14	50000000	55000000	cn={'2': {'A': 1, 'B': 1}}	1
14	55000000	60000000	cn={'2': {'A': 1, 'B': 1}}	1
14	60000000	65000000	cn={'2': {'A': 1, 'B': 1}}	1
14	65000000	70000000	cn={'2': {'A': 1, 'B': 1}}	1
14	70000000	75000000	cn={'2': {'A': 1, 'B': 1}}	1
14	75000000	80000000	cn={'2': {'A': 1, 'B': 1}}	1
14	80000000	85000000	cn={'2': {'A': 1, 'B': 1}}	1
14	85000000	90000000	cn={'2': {'A': 1, 'B': 1}}	1
14	90000000	95000000	cn={'2': {'A': 1, 'B': 1}}	1
14	95000000	100000000	cn={'2': {'A': 1, 'B': 1}}	1
14	100000000	105000000	cn={'2': {'A': 1, 'B': 1}}	1
15	0	5000000	cn={'2': {'A': 1, 'B': 1}}	1
15	5000000	10000000	cn={'2': {'A': 1, 'B': 1}}	1
15	10000000	15000000	cn={'2': {'A': 1, 'B': 1}}	1
15	15000000	20000000	cn={'2': {'A': 1, 'B': 1}}	1
15	20000000	25000000	cn={'2': {'A': 1, 'B': 1}}	1
15	25000000	30000000	cn={'2': {'A': 1, 'B': 1}}	1
15	30000000	35000000	cn={'2': {'A': 1, 'B': 1}}	1
15	35000000	40000000	cn={'2': {'A': 1, 'B': 1}}	1
15	40000000	45000000	cn={'2': {'A': 1, 'B': 1}}	1
15	45000000	50000000	cn={'2': {'A': 1, 'B': 1}}	1
15	50000000	55000000	cn={'2': {'A': 1, 'B': 1}}	1
15	55000000	60000000	cn={'2': {'A': 1, 'B': 1}}	1
15	60000000	65000000	cn={'2': {'A': 1, 'B': 1}}	1
15	65000000	70000000	cn={'2': {'A': 1, 'B': 1}}	1
15	70000000	75000000	cn={'2': {'A': 1, 'B': 1}}	1
15	75000000	80000000	cn={'2': {'A': 1, 'B': 1}}	1
15	80000000	85000000	cn={'2': {'A': 1, 'B': 1}}	1
15	85000000	90000000	cn={'2': {'A': 1, 'B': 1}}	1
15	90000000	95000000	cn={'2': {'A': 1, 'B': 1}}	1
15	95000000	100000000	cn={'2': {'A': 1, 'B': 1}}	1
16	0	5000000	cn={'2': {'A': 1, 'B': 1}}	1
16	5000000	10000000	cn={'2': {'A': 1, 'B': 1}}	1
16	10000000	15000000	cn={'2': {'A': 1, 'B': 1}}	1
16	15000000	20000000	cn={'2': {'A': 1, 'B': 1}}	1
16	20000000	25000000	cn={'2': {'A': 1, 'B': 1}}	1
16	25000000	30000000	cn={'2': {'A': 1, 'B': 1}}	1
16	30000000	35000000	cn={'2': {'A': 1, 'B': 1}}	1
16	35000000	40000000	cn={'2': {'A': 1, 'B': 1}}	1
16	40000000	45000000	cn={'2': {'A': 1, 'B': 1}}	1
16	45000000	50000000	cn={'2': {'A': 1, 'B': 1}}	1
16	50000000	55000000	cn={'2': {'A': 1, 'B': 1}}	1
16	55000000	60000000	cn={'2': {'A': 1, 'B': 1}}	1
16	60000000	65000000	cn={'2': {'A': 1, 'B': 1}}	1
16	65000000	70000000	cn={'2': {'A': 1, 'B': 1}}	1
16	70000000	75000000	cn={'2': {'A': 1, 'B': 1}}	1
16	75000000	80000000	cn={'2': {'A': 1, 'B': 1}}	1
16	80000000	85000000	cn={'2': {'A': 1, 'B': 1}}	1
16	85000000	90000000	cn={'2': {'A': 1, 'B': 1}}	1
17	0	5000000	cn={'1': {'A': 0, 'B': 1}}	1
17	5000000	10000000	cn={'1': {'A': 0, 'B': 1}}	1
17	10000000	15000000	cn={'1': {'A': 0, 'B': 1}}	1
17	15000000	20000000	cn={'1': {'A': 0, 'B': 1}}	1
17	20000000	25000000	cn={'1': {'A': 0, 'B': 1}}	1
17	25000000	30000000	cn={'1': {'A': 0, 'B': 1}}	1
17	30000000	35000000	cn={'2': {'A': 1, 'B': 1}}	1
17	35000000	40000000	cn={'2': {'A': 1, 'B': 1}}	1
17	40000000	45000000	cn={'2': {'A': 1, 'B': 1}}	1
17	45000000	50000000	cn={'2': {'A': 1, 'B': 1}}	1
17	50000000	55000000	cn={'2': {'A': 1, 'B': 1}}	1
17	55000000	60000000	cn={'2': {'A': 1, 'B': 1}}	1
17	60000000	65000000	cn={'2': {'A': 1, 'B': 1}}	1
17	65000000	70000000	cn={'2': {'A': 1, 'B': 1}}	1
17	70000000	75000000	cn={'2': {'A': 1, 'B': 1}}	1
17	75000000	80000000	cn={'2': {'A': 1, 'B': 1}}	1
18	0	5000000	cn={'1': {'A': 0, 'B': 1}}	1
18	5000000	10000000	cn={'1': {'A': 0, 'B': 1}}	1
18	10000000	15000000	cn={'1': {'A': 0, 'B': 1}}	1
18	15000000	20000000	cn={'1': {'A': 0, 'B': 1}}	1
18	20000000	25000000	cn={'1': {'A': 0, 'B': 1}}	1
18	25000000	30000000	cn={'1': {'A': 0, 'B': 1}}	1
18	30000000	35000000	cn={'1': {'A': 0, 'B': 1}}	1
18	35000000	40000000	cn={'1': {'A': 0, 'B': 1}}	1
18	40000000	45000000	cn={'2': {'A': 1, 'B': 1}}	1
18	45000000	50000000	cn={'2': {'A': 1, 'B': 1}}	1
18	50000000	55000000	cn={'2': {'A': 1, 'B': 1}}	1
18	55000000	60000000	cn={'2': {'A': 1, 'B': 1}}	1
18	60000000	65000000	cn={'2': {'A': 1, 'B': 1}}	1
18	65000000	70000000	cn={'2': {'A': 1, 'B': 1}}	1
18	70000000	75000000	cn={'2': {'A': 1, 'B': 1}}	1
18	75000000	80000000	cn={'2': {'A': 1, 'B': 1}}	1
19	0	5000000	cn={'2': {'A': 1, 'B': 1}}	1
19	5000000	10000000	cn={'2': {'A': 1, 'B': 1}}	1
19	10000000	15000000	cn={'2': {'A': 1, 'B': 1}}	1
19	15000000	20000000	cn={'2': {'A': 1, 'B': 1}}	1
19	20000000	25000000	cn={'2': {'A': 1, 'B': 1}}	1
19	25000000	30000000	cn={'2': {'A': 1, 'B': 1}}	1
19	30000000	35000000	cn={'2': {'A': 1, 'B': 1}}	1
19	35000000	40000000	cn={'2': {'A': 1, 'B': 1}}	1
19	40000000	45000000	cn={'2': {'A': 1, 'B': 1}}	1
19	45000000	50000000	cn={'2': {'A': 1, 'B': 1}}	1
19	50000000	55000000	cn={'2': {'A': 1, 'B': 1}}	1
20	0	5000000	cn={'2': {'A': 1, 'B': 1}}	1
20	5000000	10000000	cn={'2': {'A': 1, 'B': 1}}	1
20	10000000	15000000	cn={'2': {'A': 1, 'B': 1}}	1
20	15000000	20000000	cn={'2': {'A': 1, 'B': 1}}	1
20	20000000	25000000	cn={'2': {'A': 1, 'B': 1}}	1
20	25000000	30000000	cn={'2': {'A': 1, 'B': 1}}	1
20	30000000	35000000	cn={'2': {'A': 1, 'B': 1}}	1
20	35000000	40000000	cn={'2': {'A': 1, 'B': 1}}	1
20	40000000	45000000	cn={'2': {'A': 1, 'B': 1}}	1
20	45000000	50000000	cn={'2': {'A': 1, 'B': 1}}	1
20	50000000	55000000	cn={'2': {'A': 1, 'B': 1}}	1
20	55000000	60000000	cn={'2': {'A': 1, 'B': 1}}	1
21	0	5000000	cn={'2': {'A': 1, 'B': 1}}	1
21	5000000	10000000	cn={'2': {'A': 1, 'B': 1}}	1
21	10000000	15000000	cn={'2': {'A': 1, 'B': 1}}	1
21	15000000	20000000	cn={'2': {'A': 1, 'B': 1}}	1
21	20000000	25000000	cn={'2': {'A': 1, 'B': 1}}	1
21	25000000	30000000	cn={'2': {'A': 1, 'B': 1}}	1
21	30000000	35000000	cn={'2': {'A': 1, 'B': 1}}	1
21	35000000	40000000	cn={'2': {'A': 1, 'B': 1}}	1
21	40000000	45000000	cn={'2': {'A': 1, 'B': 1}}	1
22	0	5000000	cn={'2': {'A': 1, 'B': 1}}	1
22	5000000	10000000	cn={'2': {'A': 1, 'B': 1}}	1
22	10000000	15000000	cn={'2': {'A': 1, 'B': 1}}	1
22	15000000	20000000	cn={'2': {'A': 1, 'B': 1}}	1
22	20000000	25000000	cn={'2': {'A': 1, 'B': 1}}	1
22	25000000	30000000	cn={'2': {'A': 1, 'B': 1}}	1
22	30000000	35000000	cn={'2': {'A': 1, 'B': 1}}	1
22	35000000	40000000	cn={'2': {'A': 1, 'B': 1}}	1
22	40000000	45000000	cn={'2': {'A': 1, 'B': 1}}	1
22	45000000	50000000	cn={'2': {'A': 1, 'B': 1}}	1
